<wpml-config>
	<custom-types>
        <custom-type translate="1">listing</custom-type>
        <custom-type translate="1">homey_reservation</custom-type>
        <custom-type translate="1">homey_review</custom-type>
        <custom-type translate="1">homey_testimonials</custom-type>
        <custom-type translate="1">homey_partner</custom-type>
        <custom-type translate="1">homey_invoice</custom-type>
    </custom-types>

    <taxonomies>
        <taxonomy translate="1">listing_type</taxonomy>
        <taxonomy translate="1">room_type</taxonomy>
        <taxonomy translate="1">listing_amenity</taxonomy>
        <taxonomy translate="1">listing_facility</taxonomy>
        <taxonomy translate="1">listing_country</taxonomy>
        <taxonomy translate="1">listing_state</taxonomy>
        <taxonomy translate="1">listing_city</taxonomy>
        <taxonomy translate="1">listing_area</taxonomy>
    </taxonomies>

    <custom-fields>
        <custom-field action="translate">homey_listing_bedrooms</custom-field>
        <custom-field action="translate">homey_guests</custom-field>
        <custom-field action="translate">homey_beds</custom-field>
        <custom-field action="translate">homey_baths</custom-field>
        <custom-field action="translate">homey_listing_size</custom-field>
        <custom-field action="translate">homey_listing_size_unit</custom-field>
        <custom-field action="translate">homey_listing_rooms</custom-field>
        <custom-field action="translate">homey_featured</custom-field>
        <custom-field action="translate">homey_mon_fri_label</custom-field>
        <custom-field action="translate">homey_mon_fri_open</custom-field>
        <custom-field action="translate">homey_mon_fri_close</custom-field>
        <custom-field action="translate">homey_mon_fri_closed</custom-field>
        <custom-field action="translate">homey_sat_label</custom-field>
        <custom-field action="translate">homey_sat_open</custom-field>
        <custom-field action="translate">homey_sat_close</custom-field>
        <custom-field action="translate">homey_sat_closed</custom-field>
        <custom-field action="translate">homey_sun_label</custom-field>
        <custom-field action="translate">homey_sun_open</custom-field>
        <custom-field action="translate">homey_sun_close</custom-field>
        <custom-field action="translate">homey_sun_closed</custom-field>
        <custom-field action="translate">homey_instant_booking</custom-field>
        <custom-field action="translate">homey_night_price</custom-field>
        <custom-field action="translate">homey_weekends_price</custom-field>
        <custom-field action="translate">homey_weekends_days</custom-field>
        <custom-field action="translate">homey_priceWeek</custom-field>
        <custom-field action="translate">homey_priceMonthly</custom-field>
        <custom-field action="translate">homey_allow_additional_guests</custom-field>
        <custom-field action="translate">homey_additional_guests_price</custom-field>
        <custom-field action="translate">homey_cleaning_fee</custom-field>
        <custom-field action="translate">homey_cleaning_fee_type</custom-field>
        <custom-field action="translate">homey_city_fee</custom-field>
        <custom-field action="translate">homey_city_fee_type</custom-field>
        <custom-field action="translate">homey_security_deposit</custom-field>
        <custom-field action="translate">homey_tax_rate</custom-field>
        <custom-field action="translate">homey_listing_images</custom-field>
        <custom-field action="translate">homey_video_url</custom-field>
        <custom-field action="translate">homey_show_map</custom-field>
        <custom-field action="translate">homey_aptSuit</custom-field>
        <custom-field action="translate">homey_zip</custom-field>
        <custom-field action="translate">homey_listing_address</custom-field>
        <custom-field action="translate">homey_listing_location</custom-field>
        <custom-field action="translate">homey_acc_bedroom_name</custom-field>
        <custom-field action="translate">homey_acc_guests</custom-field>
        <custom-field action="translate">homey_acc_no_of_beds</custom-field>
        <custom-field action="translate">homey_acc_bedroom_type</custom-field>
        <custom-field action="translate">homey_service_name</custom-field>
        <custom-field action="translate">homey_service_price</custom-field>
        <custom-field action="translate">homey_service_des</custom-field>
        <custom-field action="translate">homey_cancellation_policy</custom-field>
        <custom-field action="translate">homey_min_book_days</custom-field>
        <custom-field action="translate">homey_max_book_days</custom-field>
        <custom-field action="translate">homey_checkin_after</custom-field>
        <custom-field action="translate">homey_checkout_before</custom-field>
        <custom-field action="translate">homey_smoke</custom-field>
        <custom-field action="translate">homey_pets</custom-field>
        <custom-field action="translate">homey_party</custom-field>
        <custom-field action="translate">homey_children</custom-field>
        <custom-field action="translate">homey_additional_rules</custom-field>
        <custom-field action="translate">homey_homeslider</custom-field>
        <custom-field action="translate">homey_slider_image</custom-field>
        <custom-field action="translate">homey_</custom-field>
    </custom-fields>

    <admin-texts>
        <key name="homey_options">
            <key name="glc_day_night_label" />
            <key name="glc_day_nights_label" />
            <key name="cmn_guest_label" />
            <key name="cmn_guests_label" />
            <key name="srh_whr_to_go" />
            <key name="srh_arrive_label" />
            <key name="srh_depart_label" />
            <key name="srh_guest_label" />
            <key name="srh_guests_label" />
            <key name="srh_adults_label" />
            <key name="srh_child_label" />
            <key name="srh_listing_type" />
            <key name="srh_room_type" />
            <key name="srh_size" />
            <key name="srh_price" />
            <key name="srh_bedrooms" />
            <key name="srh_rooms" />
            <key name="srh_amenities" />
            <key name="srh_facilities" />
            <key name="ad_text_yes" />
            <key name="ad_text_no" />
            <key name="ad_perstay_text" />
            <key name="ad_daily_text" />
            <key name="ad_close" />
            <key name="ad_text_select" />
            <key name="ad_section_info" />
            <key name="ad_room_type" />
            <key name="ad_title" />
            <key name="ad_title_plac" />
            <key name="ad_des" />
            <key name="ad_no_of_bedrooms" />
            <key name="ad_no_of_bedrooms_plac" />
            <key name="ad_no_of_guests" />
            <key name="ad_no_of_guests_plac" />
            <key name="ad_no_of_beds" />
            <key name="ad_no_of_beds_plac" />
            <key name="ad_no_of_bathrooms" />
            <key name="ad_no_of_bathrooms_plac" />
            <key name="ad_listing_rooms" />
            <key name="ad_listing_rooms_plac" />
            <key name="ad_listing_type" />
            <key name="ad_listing_type_plac" />
            <key name="ad_listing_size" />
            <key name="ad_size_placeholder" />
            <key name="ad_listing_size_unit" />
            <key name="ad_listing_size_unit_plac" />
            <key name="ad_is_featured_label" />
            <key name="ad_pricing_label" />
            <key name="ad_ins_booking_label" />
            <key name="ad_ins_booking_des" />
            <key name="ad_nightly_label" />
            <key name="ad_nightly_plac" />
            <key name="ad_weekends_label" />
            <key name="ad_weekends_plac" />
            <key name="ad_weekend_days_label" />
            <key name="ad_long_term_pricing" />
            <key name="ad_weekly7nights" />
            <key name="ad_weekly7nights_plac" />
            <key name="ad_monthly30nights" />
            <key name="ad_monthly30nights_plac" />
            <key name="ad_add_costs_label" />
            <key name="ad_allow_additional_guests" />
            <key name="ad_addinal_guests_label" />
            <key name="ad_addinal_guests_plac" />
            <key name="ad_cleaning_fee" />
            <key name="ad_cleaning_fee_plac" />
            <key name="ad_cleaning_fee_type_label" />
            <key name="ad_city_fee" />
            <key name="ad_city_fee_plac" />
            <key name="ad_city_fee_type_label" />
            <key name="ad_security_deposit_label" />
            <key name="ad_security_deposit_plac" />
            <key name="ad_tax_rate_label" />
            <key name="ad_tax_rate_plac" />
            <key name="ad_features" />
            <key name="ad_amenities" />
            <key name="ad_facilities" />
            <key name="ad_section_media" />
            <key name="ad_drag_drop_img" />
            <key name="ad_image_size_text" />
            <key name="ad_upload_btn" />
            <key name="ad_video_section" />
            <key name="ad_video_url" />
            <key name="ad_video_placeholder" />
            <key name="ad_location" />
            <key name="ad_address" />
            <key name="ad_address_placeholder" />
            <key name="ad_aptSuit" />
            <key name="ad_aptSuit_placeholder" />
            <key name="ad_country" />
            <key name="ad_country_placeholder" />
            <key name="ad_state" />
            <key name="ad_state_placeholder" />
            <key name="ad_city" />
            <key name="ad_city_placeholder" />
            <key name="ad_area" />
            <key name="ad_area_placeholder" />
            <key name="ad_zipcode" />
            <key name="ad_zipcode_placeholder" />
            <key name="ad_drag_pin" />
            <key name="ad_find_address" />
            <key name="ad_lat" />
            <key name="ad_long" />
            <key name="ad_find_address_btn" />
            <key name="ad_bedrooms_text" />
            <key name="ad_acc_bedroom_name" />
            <key name="ad_acc_bedroom_name_plac" />
            <key name="ad_acc_guests" />
            <key name="ad_acc_guests_plac" />
            <key name="ad_acc_no_of_beds" />
            <key name="ad_acc_no_of_beds_plac" />
            <key name="ad_acc_bedroom_type" />
            <key name="ad_acc_bedroom_type_plac" />
            <key name="ad_acc_btn_remove_room" />
            <key name="ad_acc_btn_add_other" />
            <key name="ad_services_text" />
            <key name="ad_service_name" />
            <key name="ad_service_name_plac" />
            <key name="ad_service_price" />
            <key name="ad_service_price_plac" />
            <key name="ad_service_des" />
            <key name="ad_service_des_plac" />
            <key name="ad_btn_remove_service" />
            <key name="ad_btn_add_service" />
            <key name="ad_terms_rules" />
            <key name="ad_cancel_policy" />
            <key name="ad_cancel_policy_plac" />
            <key name="ad_min_days_booking" />
            <key name="ad_min_days_booking_plac" />
            <key name="ad_max_days_booking_plac" />
            <key name="ad_max_days_booking_plac" />
            <key name="ad_check_in_after" />
            <key name="ad_check_out_before" />
            <key name="ad_smoking_allowed" />
            <key name="ad_pets_allowed" />
            <key name="ad_party_allowed" />
            <key name="ad_children_allowed" />
            <key name="ad_add_rules_info_optional" />
            <key name="ad_section_openning" />
            <key name="ad_mon_fri" />
            <key name="ad_sat" />
            <key name="ad_sun" />
            <key name="sn_type_label" />
            <key name="sn_accom_label" />
            <key name="sn_guests_label" />
            <key name="sn_bedrooms_label" />
            <key name="sn_beds_label" />
            <key name="sn_bathrooms_label" />
            <key name="sn_rooms_label" />
            <key name="sn_fullbath_label" />
            <key name="sn_halfbath_label" />
            <key name="sn_closed_label" />
            <key name="sn_about_listing_title" />
            <key name="sn_accommodates_label" />
            <key name="sn_opening_hours_label" />
            <key name="sn_mon_fri_label" />
            <key name="sn_sat_label" />
            <key name="sn_sun_label" />
            <key name="sn_size_label" />
            <key name="sn_check_in_after" />
            <key name="sn_check_out_before" />
            <key name="sn_nightly_label" />
            <key name="sn_weekends_label" />
            <key name="sn_weekly7d_label" />
            <key name="sn_monthly30d_label" />
            <key name="sn_security_deposit_label" />
            <key name="sn_tax_rate_label" />
            <key name="sn_addinal_guests_label" />
            <key name="sn_allow_additional_guests" />
            <key name="sn_cleaning_fee" />
            <key name="sn_city_fee" />
            <key name="sn_min_no_of_days" />
            <key name="sn_max_no_of_days" />
            <key name="sn_smoking_allowed" />
            <key name="sn_pets_allowed" />
            <key name="sn_party_allowed" />
            <key name="sn_children_allowed" />
            <key name="sn_add_rules_info" />
            <key name="sn_night_label" />
            <key name="sn_nights_label" />
            <key name="sn_min_stay_is" />
            <key name="sn_max_stay_is" />
            <key name="sn_avail_label" />
            <key name="sn_pending_label" />
            <key name="sn_booked_label" />
            <key name="sn_acc_guests_label" />
            <key name="sn_acc_guest_label" />
            <key name="sn_hosted_by" />
            <key name="sn_pr_lang" />
            <key name="sn_pr_profile_status" />
            <key name="sn_pr_verified" />
            <key name="sn_pr_h_rating" />
            <key name="sn_pr_cont_host" />
            <key name="sn_view_profile" />
            <key name="sn_text_no" />
            <key name="sn_text_yes" />
            <key name="sn_detail_heading" />
            <key name="sn_prices_heading" />
            <key name="sn_accomodation_text" />
            <key name="sn_terms_rules" />
            <key name="sn_video_heading" />
            <key name="sn_availability_label" />
            <key name="sn_features" />
            <key name="sn_amenities" />
            <key name="sn_facilities" />
            <key name="sn_services_text" />
            <key name="sn_similar_label" />
            <key name="sn_nearby_label" />
            <key name="glc_bedrooms_label" />
            <key name="glc_baths_label" />
            <key name="glc_guests_label" />
            <key name="splash_welcome_text" />
            <key name="splash_welcome_sub" />
            <key name="top_bar_phone" />
            <key name="top_bar_email" />
            <key name="top_bar_slogan" />
            <key name="invoice_company_name" />
            <key name="invoice_address" />
            <key name="invoice_additional_info" />
            <key name="email_footer_content" />
            <key name="404-title" />
            <key name="404-des" />
            <key name="copy_rights" />
            <key name="forms_gdpr_text" />
            <key name="forms_gdpr_validation" />
            <key name="gdpr-label" />
            <key name="gdpr-agreement-content" />
        </key>
    </admin-texts>    

</wpml-config>